{
  "__type__": "cc.SpriteFrame",
  "content": {
    "name": "ctrl",
    "atlas": "",
    "rect": {
      "x": 0,
      "y": 0,
      "width": 960,
      "height": 799
    },
    "offset": {
      "x": 0,
      "y": 7.5
    },
    "originalSize": {
      "width": 960,
      "height": 814
    },
    "rotated": false,
    "capInsets": [
      0,
      0,
      0,
      0
    ],
    "vertices": {
      "rawPosition": [
        -480,
        -399.5,
        0,
        480,
        -399.5,
        0,
        -480,
        399.5,
        0,
        480,
        399.5,
        0
      ],
      "indexes": [
        0,
        1,
        2,
        2,
        1,
        3
      ],
      "uv": [
        0,
        814,
        960,
        814,
        0,
        15,
        960,
        15
      ],
      "nuv": [
        0,
        0.018427518427518427,
        1,
        0.018427518427518427,
        0,
        1,
        1,
        1
      ],
      "minPos": {
        "x": -480,
        "y": -399.5,
        "z": 0
      },
      "maxPos": {
        "x": 480,
        "y": 399.5,
        "z": 0
      }
    },
    "texture": "fcbaf2d7-b553-4745-b61a-033c041a9f18@6c48a",
    "packable": true,
    "pixelsToUnit": 100,
    "pivot": {
      "x": 0.5,
      "y": 0.5
    },
    "meshType": 0
  }
}