{
  "__type__": "cc.SpriteFrame",
  "content": {
    "name": "idle",
    "atlas": "",
    "rect": {
      "x": 130,
      "y": 50,
      "width": 1020,
      "height": 150
    },
    "offset": {
      "x": 0,
      "y": 35
    },
    "originalSize": {
      "width": 1280,
      "height": 320
    },
    "rotated": false,
    "capInsets": [
      0,
      0,
      0,
      0
    ],
    "vertices": {
      "rawPosition": [
        -510,
        -75,
        0,
        510,
        -75,
        0,
        -510,
        75,
        0,
        510,
        75,
        0
      ],
      "indexes": [
        0,
        1,
        2,
        2,
        1,
        3
      ],
      "uv": [
        130,
        270,
        1150,
        270,
        130,
        120,
        1150,
        120
      ],
      "nuv": [
        0.1015625,
        0.375,
        0.8984375,
        0.375,
        0.1015625,
        0.84375,
        0.8984375,
        0.84375
      ],
      "minPos": {
        "x": -510,
        "y": -75,
        "z": 0
      },
      "maxPos": {
        "x": 510,
        "y": 75,
        "z": 0
      }
    },
    "texture": "1c669892-5063-4c2b-bcd8-acb20fd2d76c@6c48a",
    "packable": true,
    "pixelsToUnit": 100,
    "pivot": {
      "x": 0.5,
      "y": 0.5
    },
    "meshType": 0
  }
}