{
  "__version__": "1.0.0",
  "builder": {},
  "gizmos-infos": {
    "is2D": true,
    "is3DIcon": false,
    "iconSize": 2,
    "gridVisible": true,
    "gridColor": [
      166,
      166,
      166,
      255
    ],
    "transformToolName": "position",
    "pivot": "pivot",
    "coordinate": "local",
    "toolsVisibility3d": true
  },
  "snap-configs": {
    "position": {
      "x": 1,
      "y": 1,
      "z": 1
    },
    "rotation": 1,
    "scale": 1,
    "isPositionSnapEnabled": false,
    "isRotationSnapEnabled": false,
    "isScaleSnapEnabled": false
  },
  "rect-snap-configs": {
    "enableSnapping": true,
    "snapThreshold": 4
  },
  "float-window": {
    "position": {
      "cc": {
        "Camera": {
          "dock": false,
          "top": null,
          "bottom": 10,
          "left": null,
          "right": 10
        }
      }
    }
  },
  "camera-infos": {
    "9a5338aa-f0c0-4dbd-8ec6-7aafee3d402f": {
      "position": {
        "x": 335.79827577853507,
        "y": 613.7814654267465,
        "z": 5000
      },
      "rotation": {
        "x": 0,
        "y": 0,
        "z": 0,
        "w": 1
      },
      "viewCenter": {
        "x": 0,
        "y": 0,
        "z": 0
      },
      "contentRect": {
        "x": 37.24323928533618,
        "y": 83.01695610550388,
        "width": 243.73125,
        "height": 433.3
      },
      "scale": 0.40818479042063005
    },
    "ef812adc-640a-4992-9733-1f120709d298": {
      "position": {
        "x": 504.53718963224287,
        "y": 723.7355199114957,
        "z": 5000
      },
      "rotation": {
        "x": 0,
        "y": 0,
        "z": 0,
        "w": 1
      },
      "viewCenter": {
        "x": 0,
        "y": 0,
        "z": 0
      },
      "contentRect": {
        "x": 70.44637166356895,
        "y": -47.98148981059118,
        "width": 358.3125,
        "height": 637
      },
      "scale": 0.41271605522171817
    },
    "9e1a378d-c0f5-4eae-93ef-7c2f616cd392": {
      "position": {
        "x": -257.00342366172754,
        "y": -127.98390499195705,
        "z": 5000
      },
      "rotation": {
        "x": 0,
        "y": 0,
        "z": 0,
        "w": 1
      },
      "viewCenter": {
        "x": 0,
        "y": 0,
        "z": 0
      },
      "contentRect": {
        "x": -907.3653306591027,
        "y": -510.1605811696008,
        "width": 0,
        "height": 0
      },
      "scale": 0.6877709090698716
    }
  },
  "camera-uuids": [
    "9a5338aa-f0c0-4dbd-8ec6-7aafee3d402f",
    "ef812adc-640a-4992-9733-1f120709d298",
    "9e1a378d-c0f5-4eae-93ef-7c2f616cd392"
  ],
  "camera": {
    "color": [
      48,
      48,
      48,
      255
    ],
    "fov": 45,
    "far": 10000,
    "near": 0.01,
    "wheelSpeed": 0.01,
    "wanderSpeed": 10,
    "enableAcceleration": true,
    "size": "__default_design__",
    "far2D": 10000,
    "near2D": 1,
    "wheelSpeed2D": 6,
    "iso": 0,
    "aperture": 19,
    "shutter": 7
  }
}
